Instance: i-03848b30cc2bbf845, Name: gl, Max CPU: 14.2070150783618%
Instance: i-0d973054bbb6e2774, Name: o-the-world, Max CPU: 0%
Instance: i-0b3ed40dfb2a42bc3, Name: sagarexclusive, Max CPU: 0%
Instance: i-00635d3e9247905e5, Name: riverbend, Max CPU: 0%
Instance: i-03eb566cc73ae57ee, Name: rodeohouston, Max CPU: 0%
Instance: i-04f4d015d09d4e71f, Name: braidsandstyles, Max CPU: 0%
Instance: i-0797bbaf890441c4b, Name: gooddealorientalfoods, Max CPU: 0%
Instance: i-039616f5617293146, Name: dnsarizona, Max CPU: 60.6637260350124%
Instance: i-019b5c528d8a9df83, Name: fldiscountnutrition, Max CPU: 66.9068054208292%
Instance: i-01be4ae13c375c21d, Name: stevesbikeshop, Max CPU: 0%
Instance: i-03ea4ef279dc4fec3, Name: vdncolorado, Max CPU: 58.7990923404535%
Instance: i-079a74ab531505706, Name: ocdn, Max CPU: 45.9937336087099%
Instance: i-0827b031e3b60c9dd, Name: freshman16, Max CPU: 0%
Instance: i-0400295100f7cb679, Name: lvdnaliante, Max CPU: 0%
Instance: i-021b15770d4711bf9, Name: friendly-rx, Max CPU: 0%
Instance: i-06614db0e85132889, Name: crssystems, Max CPU: 0%
Instance: i-0844548d04b282460, Name: highsandlows, Max CPU: 0%
Instance: i-04cb21a26a7bf3fc0, Name: atyourservicepet, Max CPU: 0%
Instance: i-0151c273443669988, Name: vandgcloseouts, Max CPU: 0%
Instance: i-091b27f757779ec20, Name: thepioneerstore, Max CPU: 0%
Instance: i-0e9daaba7fd56ad27, Name: sweetspot, Max CPU: 0%
Instance: i-04e562ae9529d044e, Name: number21, Max CPU: 0%
Instance: i-04efa3450f4ec0b5f, Name: northlandzllc, Max CPU: 0%
Instance: i-0f0a65977956c321d, Name: superiorholistics, Max CPU: 0%
Instance: i-07b7bf3cddee499a8, Name: thewaterclub, Max CPU: 0%
Instance: i-0f8687e4f122e35a5, Name: threedogdfw, Max CPU: 0%
Instance: i-0fcfffc367b3a0c63, Name: chesterriverwinecheese, Max CPU: 0%
Instance: i-06f341ff41a8ede70, Name: dancerspointe, Max CPU: 0%
Instance: i-0fcbf0a77e8f9c731, Name: eboltsupply, Max CPU: 0%
Instance: i-03f4a86144c28c0dd, Name: stage, Max CPU: 10.7152617885023%
Instance: i-04a251088a55d54ed, Name: annieshallmark, Max CPU: 0%
Instance: i-0db9f749bfc28ed8a, Name: tyspitstop, Max CPU: 0%
Instance: i-0a80e0472d030deb7, Name: sammeyers, Max CPU: 0%
Instance: i-07d655515fac10f98, Name: lesfleurs, Max CPU: 0%
Instance: i-0253badcfa89ac02e, Name: hometownwireless, Max CPU: 0%
Instance: i-0884c3a7d9a8e7458, Name: souqinternationalmarket, Max CPU: 0%
Instance: i-008d303ae340c1549, Name: bedfordfarms, Max CPU: 0%
Instance: i-0ef4b8d2855b21905, Name: philbrickenterprise, Max CPU: 0%
Instance: i-0c53c5d7f9e252f24, Name: mackimmieco, Max CPU: 0%
Instance: i-04403fd5d6678edac, Name: centralparkmarket, Max CPU: 0%
Instance: i-07235394c993c7ee0, Name: mindenathletic, Max CPU: 0%
Instance: i-0a33ed766e266d3af, Name: rosenbalmrockeryinc, Max CPU: 0%
Instance: i-065dcec76753eecdd, Name: 4wayspirits, Max CPU: 0%
Instance: i-0193204d5d3c805e3, Name: advancedconstructionsupply, Max CPU: 0%
Instance: i-06cb79093b355a01e, Name: centerpointpond, Max CPU: 0%
Instance: i-0eec2240507c35989, Name: upienergyfs, Max CPU: 0%
Instance: i-0c2f81c8d0cb556b1, Name: rosenbalmrockeryinc2, Max CPU: 0%
Instance: i-008c66d58c2306868, Name: cratescosprings, Max CPU: 0%
Instance: i-0167a3f5f5c4855b5, Name: counciloxfordinc, Max CPU: 0%
Instance: i-021c65326ee2e05bc, Name: borregospringshardware, Max CPU: 0%
Instance: i-0c1ccc8645c3ad2b2, Name: naturesharvestllc, Max CPU: 0%
Instance: i-0036c1dfb3dbf077a, Name: lambertvetsupply, Max CPU: 0%
Instance: i-0ec283dd58d9d69c1, Name: niobraratradingpost, Max CPU: 0%
Instance: i-018b04cc03fbc346c, Name: splashhomeinteriors, Max CPU: 0%
Instance: i-05aaa537bc680a463, Name: fishbusterz, Max CPU: 0%
Instance: i-066060b965707d60e, Name: thetennisset, Max CPU: 0%
Instance: i-039906863792b83dc, Name: sonnierbeautysupply, Max CPU: 0%
Instance: i-032cd40e521082de4, Name: oakcrest, Max CPU: 0%
Instance: i-0f249a1f5d38c6b1c, Name: bradshawsupply, Max CPU: 0%
Instance: i-0a706f75ecdcd337a, Name: 7csfoods, Max CPU: 0%
Instance: i-0b896078c58499c44, Name: peigrading, Max CPU: 0%
Instance: i-07152c14429862c49, Name: barnesgrocerystore, Max CPU: 0%
Instance: i-0a77a2abfcb09b482, Name: dancerspointeohio, Max CPU: 0%
Instance: i-0f1d7b07dd072a818, Name: sovierosgardencenter, Max CPU: 9.05577808334306%
Instance: i-03a8f5456391ff280, Name: hojoepowersportsequipment, Max CPU: 11.5326430989941%
Instance: i-01117c0b8f5a9d1e8, Name: aanationalwholesale, Max CPU: 0%
Instance: i-063c92a6ae5cebb95, Name: privette, Max CPU: 11.2670892776469%
Instance: i-0533b0cc4726984c5, Name: countryoutfitter, Max CPU: 8.10043179900141%
Instance: i-07b2142c73e9a2e7c, Name: naturesremedies, Max CPU: 7.73608831968798%
Instance: i-0429d8e43348068d8, Name: summitsupply, Max CPU: 7.18382656151945%
Instance: i-0d5710b8cc951eb06, Name: nicholsonstonecompany, Max CPU: 12.2448576652927%
Instance: i-03cc6c53cf1bd1a73, Name: sunshinesundaes, Max CPU: 7.04530277236003%
Instance: i-0ac7409cf19293696, Name: snydersguns4less, Max CPU: 7.97081496334589%
Instance: i-0703961c93ad4864c, Name: graceautosales, Max CPU: 6.08856125158606%
Instance: i-0a630f4e821bf407e, Name: thetinderbox, Max CPU: 12.4231946484769%
Instance: i-0349f7467baf8117d, Name: bppoolsupply, Max CPU: 6.86485057577984%
Instance: i-0f11e8adc72988251, Name: dragonflyfarm, Max CPU: 6.23650628261056%
Instance: i-09872933fb471a1c3, Name: whiskeyislandmarina, Max CPU: 8.28337590081159%
Instance: i-0d43ef7cebeccaa53, Name: raindance, Max CPU: 0%
Instance: i-094002d498b76eb6d, Name: bulkltd, Max CPU: 20.9498401609184%
Instance: i-09071d012cc737397, Name: desiredelivered, Max CPU: 0%
Instance: i-067d8241751256735, Name: stateroadhardware, Max CPU: 17.5932020041953%
Instance: i-0cce4a418082d1d6e, Name: comercialicemos, Max CPU: 7.26653528181519%
Instance: i-0582c659515e5bf6d, Name: meritpools, Max CPU: 7.27836496788533%
Instance: i-03df09892b3f5744c, Name: edrichlumber, Max CPU: 0%
Instance: i-01b3bf1edb8fa3c26, Name: environmentwest, Max CPU: 0%
Instance: i-00ca9b79de66a59af, Name: kentcountyconservationleague, Max CPU: 7.08803216943353%
Instance: i-031e4a90c56e269ff, Name: volunteerpoolandhardware, Max CPU: 7.47540754979808%
Instance: i-065b4d18685d99002, Name: filledwithfun, Max CPU: 8.16398999722293%
Instance: i-00f73e17d73885bbb, Name: raindancecruisin66llcs, Max CPU: 0%
Instance: i-0f93b72e2bfb11513, Name: kobeslodge, Max CPU: 0%
Instance: i-0409ce87022e21a35, Name: geosupermarket, Max CPU: 6.3980422669609%
Instance: i-0c175f25c67402e98, Name: smartgardens, Max CPU: 7.00379079064925%
Instance: i-08a3217e7a42cbefa, Name: ssasafetygroup, Max CPU: 7.33011069400029%
Instance: i-05c1a25152ea19019, Name: riceandspiceofpa, Max CPU: 8.11945012491771%
Instance: i-097fd13b484aa1654, Name: rhettscountrymarket, Max CPU: 11.2659735853732%
Instance: i-0245d0cffc7a274af, Name: hilltophanoverfarm, Max CPU: 7.45506120527037%
Instance: i-00c1780a29924424c, Name: legacygrowersandnursery, Max CPU: 0%
Instance: i-0bcfbd2b2a04a689a, Name: phoenixrestaurant, Max CPU: 6.28314307986898%
Instance: i-0bd1a9d894409dd24, Name: countryfarms, Max CPU: 11.7738884164173%
Instance: i-09bc771af00371944, Name: spiritedgourmet, Max CPU: 0%
Instance: i-08d5c32250938682a, Name: mossyscorner, Max CPU: 8.05363894356905%
Instance: i-0ea524b685c11f31d, Name: thebluehillwineshop, Max CPU: 7.34345431528513%
Instance: i-0e2c2efbab3af87f7, Name: brownsoutdoor, Max CPU: 0%
Instance: i-028d5e64ebcdd362c, Name: glenscornerstore, Max CPU: 8.01690856935139%
Instance: i-09e589df51d5a709b, Name: hurdlemillsfeed, Max CPU: 6.36323940292278%
Instance: i-0cd58ae6925d7f98b, Name: dogstylellc, Max CPU: 15.0705633845851%
Instance: i-0cd5bc8f45f38ec17, Name: stdavidsvariety, Max CPU: 10.607910969539%
Instance: i-083a6f7d12d820074, Name: millerscountrygardens, Max CPU: 7.86395159127395%
Instance: i-08a7565cf52675fb9, Name: zigzaggallery, Max CPU: 0%
Instance: i-0e9a11a3b5531170b, Name: pachamamaplantnursery, Max CPU: 6.25361680763424%
Instance: i-0f1b14efeaf6effec, Name: pemamarketplace, Max CPU: 7.25660947485532%
Instance: i-0320c9f6d9cefd240, Name: tristatefarmandfeed, Max CPU: 7.77787387393871%
Instance: i-0f6e16e01bd5be24f, Name: edsshenangohardware, Max CPU: 7.84164274026672%
Instance: i-067137ba81dd2d5fa, Name: shenangobeverage, Max CPU: 11.5361065863227%
Instance: i-04f118fc638aeaaa4, Name: herringhardwareandsupply, Max CPU: 8.33472754168033%
Instance: i-0a894d0976cb681c7, Name: texasscottishrite, Max CPU: 7.34072659071744%
Instance: i-03382b83e78bc306d, Name: starbeautydancesupply, Max CPU: 6.64798391303077%
Instance: i-03e08884d0d0a8013, Name: aimart, Max CPU: 35.4024740597932%
Instance: i-0269f210076a44b5d, Name: stagecoachtrailsrvresort, Max CPU: 10.8420835073768%
Instance: i-09e714fa8bf0662c7, Name: nettiesgreenhouse, Max CPU: 6.1700155907481%
Instance: i-06f1e5ea6895c9e43, Name: viblockeastend, Max CPU: 0%
Instance: i-0902384a6d12c70bc, Name: morganshungrypetstore, Max CPU: 5.8155942237028%
Instance: i-075beba88d7c535e2, Name: summerlindundeefeed, Max CPU: 7.62890276240152%
Instance: i-0b907f6f9eca5731d, Name: williamssonsupply, Max CPU: 11.5309825334783%
Instance: i-0e0581d992304d440, Name: docker-builder-x86, Max CPU: 0%
Instance: i-05f4775640985b0ff, Name: hometownfarmsupply, Max CPU: 5.63661163594866%
Instance: i-0356db44820a01380, Name: everythinghome, Max CPU: 0%
Instance: i-0513d9a5c691f7573, Name: elginnurserytreefarm, Max CPU: 5.77104751319691%
Instance: i-0757267f9b5c11b0e, Name: goldengatenursery, Max CPU: 6.19701537463861%
Instance: i-007da01cc98b10ac2, Name: growinghartllc, Max CPU: 8.18842246060968%
Instance: i-056c54966541b3214, Name: cmacsaquarium, Max CPU: 11.5268069833671%
Instance: i-0f7d47612d181a3f1, Name: willowlodge, Max CPU: 11.3979102541253%
Instance: i-083fbb2a577331ed6, Name: geosupermarket2, Max CPU: 12.0543077812031%
Instance: i-019881a9bedd15392, Name: clctlh, Max CPU: 6.88247442077938%
Instance: i-0350f2adbb3a1461a, Name: kitchenessentials, Max CPU: 7.79274476691841%
Instance: i-0d2415300fa21cd72, Name: envogue, Max CPU: 6.28994975456261%
Instance: i-0c626484eaf94545f, Name: daytonchurchsupply, Max CPU: 6.78366603854789%
Instance: i-0205d9a9b273ce2e6, Name: flaglermuseum, Max CPU: 0%
Instance: i-066d4a1c07c037b67, Name: sunsethomeandbaby, Max CPU: 11.7326343225219%
Instance: i-07932a246eeb31790, Name: englesholidayharbor, Max CPU: 6.28000872155657%
Instance: i-0de41fe5a5ea574c7, Name: danielshardware, Max CPU: 8.40532656602953%
Instance: i-082baaefb82c47323, Name: preysfruitbarn, Max CPU: 6.27300909203307%
Instance: i-0192207fd4017550c, Name: greensproduce, Max CPU: 7.15527071301372%
Instance: i-009f5225dcdb88185, Name: mfdlsuppliesllc, Max CPU: 14.046944051674%
Instance: i-0c1679a8b5b398bca, Name: fastlanemvd, Max CPU: 0%
Instance: i-0cc27a32cc59c4e5d, Name: homesteadmarket, Max CPU: 7.77200378533425%
Instance: i-0ca87085f11326202, Name: racetracwheelsllc, Max CPU: 7.16021418493075%
Instance: i-08352793b54aab846, Name: clubrez, Max CPU: 10.9970849119113%
Instance: i-0095704236ce7d2ac, Name: vigomexinc, Max CPU: 11.2193050590505%
Instance: i-097e7250d13b434b9, Name: highway93-rv, Max CPU: 0%
Instance: i-05fff06577ceb6ad2, Name: urconveniencestore, Max CPU: 7.73479121634514%
Instance: i-0727e1e2b4b68e026, Name: hardwareandapartmentsupply, Max CPU: 0%
Instance: i-06d4beb21841e728f, Name: theglassplace, Max CPU: 0%
Instance: i-0ef97d3157f531fe6, Name: southwindsrentals, Max CPU: 6.96030566440666%
Instance: i-0c99e69f84c436b10, Name: postvillekoshermarket, Max CPU: 6.22664243154046%
Instance: i-087dc8d24dfb4d184, Name: effortproducts, Max CPU: 6.83649557758915%
Instance: i-07101035da27c5782, Name: everything.home, Max CPU: 0%
Instance: i-0f00fcafb2f16943e, Name: everythinghome815, Max CPU: 6.20695139081713%
Instance: i-0df5dbd30a8f753e6, Name: onthevine2, Max CPU: 6.3301755680365%
Instance: i-0b197463f2cb722e6, Name: southsidepartystore, Max CPU: 6.24606719458996%
Instance: i-0401694e76fc6dcd4, Name: pacejandeenterprises, Max CPU: 7.89536290945067%
Instance: i-030b247bf7eda2ff0, Name: herodoordistribution, Max CPU: 7.64411015781729%
Instance: i-015860573e025ad77, Name: headlinerecords, Max CPU: 7.73705929115924%
Instance: i-085463403e259f6a9, Name: westwoodsports, Max CPU: 6.32401322898534%
Instance: i-01f25613f9c50aa9d, Name: manzafarmgardencenter, Max CPU: 6.80593567657482%
Instance: i-0db553cea4c249d1b, Name: doctorshospitalparadiseisland, Max CPU: 8.16880383439598%
Instance: i-0238968f67f487b61, Name: rockyssebringdrivethru, Max CPU: 7.46973580624462%
Instance: i-03b4d296d25194f3b, Name: thefloridawinery, Max CPU: 7.96376231052025%
Instance: i-0dfaf95413f447200, Name: sussexmeatpacking, Max CPU: 10.9991693423692%
Instance: i-049ead1cdb2991a1e, Name: leranttx, Max CPU: 6.03604048964341%
Instance: i-0ede5c8eb7f2f8212, Name: petroleumgiftstoremuseum, Max CPU: 6.26815434843075%
Instance: i-017428cb1303f1871, Name: hilltopvideo, Max CPU: 11.1436196792598%
Instance: i-0e66a786312e886ae, Name: sahaleeliquor, Max CPU: 7.27404196186645%
Instance: i-06356b15140d76407, Name: bythegracebeautysupply, Max CPU: 8.12027771656474%
Instance: i-0f35bf9cd3716be79, Name: horizonkobeslodge, Max CPU: 8.05086463210954%
Instance: i-09055b1561041aff7, Name: myersservicedistribution, Max CPU: 10.8726421265276%
Instance: i-0ca8c417d64f0fc99, Name: mathisbattery, Max CPU: 8.51348947238332%
Instance: i-0f16eef2c581ae61a, Name: cgstoolandequipmentrentals, Max CPU: 8.04724243805342%
Instance: i-05cee3bd64a06357e, Name: roysrecyclingolneyllc, Max CPU: 7.66986182914491%
Instance: i-057ce10b1fa5737bd, Name: crooksvillewineandspirits, Max CPU: 7.38309456213963%
Instance: i-01d685eaa5175fb1b, Name: highway93rv, Max CPU: 8.13657181170061%
Instance: i-045083cd5e7eaa9f4, Name: henrymorrisonflaglermuseum, Max CPU: 6.98880642055111%
Instance: i-0781eb8bf3ca00cae, Name: empirestatebuildingsupply, Max CPU: 7.08887152295358%
Instance: i-0fc5597a0d8130b02, Name: sunandrainfallbulkyard, Max CPU: 8.08644029205562%
Instance: i-08fa70e4253b72101, Name: fireplacecenter, Max CPU: 6.14070613750732%
Instance: i-072ac3382a32050de, Name: sandalsemeraldbay, Max CPU: 6.94614167515698%
Instance: i-0adac9ac0720abc73, Name: comfortis, Max CPU: 6.84574944498488%
Instance: i-0bf8c49afb43c1f08, Name: milehydro, Max CPU: 6.67213847982504%
Instance: i-083f51cb6de3d5a4a, Name: renfrosfireworks, Max CPU: 7.14303973325961%
Instance: i-01702258e02a7332f, Name: cloud9, Max CPU: 7.45074300918124%
Instance: i-0b8cccc37264a0d4d, Name: pttctrainingcomplex, Max CPU: 7.19928085540504%
Instance: i-0c6665acee1ec568e, Name: northshorepharmacy, Max CPU: 11.2769403661245%
Instance: i-07057fb8926ff9323, Name: picknpayatbeachmeats, Max CPU: 11.054304427342%
Instance: i-0ee93ddffdd02c9b9, Name: losportaleswilmington, Max CPU: 10.9977180277147%
Instance: i-09b9e5590fc08aef8, Name: hamiltonoutdoorsupply, Max CPU: 10.6341732422359%
Instance: i-0d19d5bd1c6cce4c0, Name: grantsautoparts, Max CPU: 6.95879498861068%
Instance: i-0e3b7552a9b40e372, Name: buildstoneincfrenchbroadstone, Max CPU: 10.5894466447013%
Instance: i-0b995561aab27f556, Name: snakeriverimplement, Max CPU: 11.4886186216801%
Instance: i-0fb379c4126eb2069, Name: elrodeo, Max CPU: 9.88874949715129%
Instance: i-025bab342e5c0f3c0, Name: sunliquorsandgrocery, Max CPU: 7.22096559389115%
Instance: i-0d855388343eb0fcd, Name: phippenmuseum, Max CPU: 11.0855561770456%
Instance: i-0282333499ba58eee, Name: onthevine-2, Max CPU: 9.85083553991061%
Instance: i-0bf90433645c107f3, Name: clovercreek, Max CPU: 10.4554153558672%
Instance: i-0e06f59a722275ffb, Name: pebblybeach, Max CPU: 11.1133328201933%
Instance: i-087927c186968a739, Name: nationaltractorpull, Max CPU: 10.1067966680756%
Instance: i-00c9ecfef56a25e97, Name: fortunallc, Max CPU: 10.275136166764%
Instance: i-0a439dee77476545e, Name: tierzer0gaming, Max CPU: 10.357219508426%
Instance: i-0c775b879eefca555, Name: ssaliquor, Max CPU: 10.833198072948%
Instance: i-06b4aa9d63b91af81, Name: saigonhongkongseafoodmarket, Max CPU: 9.97347590765336%
Instance: i-0a8bfd798cef9402f, Name: foodforthought, Max CPU: 0%
Instance: i-0d0cd3e89161ea5fd, Name: riceandspice-pa, Max CPU: 10.3336089273902%
Instance: i-0028cb526c22df429, Name: coonrapidscountryclub, Max CPU: 10.997818253194%
Instance: i-0f4f2bc40f803fce8, Name: globalfoodmarketmi, Max CPU: 10.2475035713045%
Instance: i-07fe046bd373896fc, Name: pos-report, Max CPU: 0%
Instance: i-04962fc7a3a13e504, Name: pos-report, Max CPU: 0%
Instance: i-015c040f3014a25c1, Name: salmeronexpressllc, Max CPU: 10.5855539020857%
Instance: i-010138778110d453d, Name: pos-report, Max CPU: 0%
Instance: i-0a73ae6ebcf8c1428, Name: ocuniforms, Max CPU: 10.1876463605117%
Instance: i-043124816165b1bac, Name: nailsupplystore, Max CPU: 9.50666721711076%
Instance: i-041302918f2214b93, Name: victoriagrocery, Max CPU: 18.8825467596901%
Instance: i-0e1a5e8ca1cb1fe6b, Name: geronimos, Max CPU: 10.1259717331576%
Instance: i-0bce51bba061439cc, Name: stinkys-kitties-and-doggies-too, Max CPU: 11.2344454478006%
Instance: i-078303474f9a16caa, Name: demo-load, Max CPU: 2.62791722746767%
Instance: i-0eb8da0942349766a, Name: tst-sand-ds, Max CPU: 3.23750000239981%
Instance: i-0ac099dc2eebb0655, Name: serhii-lb1, Max CPU: 0%
Instance: i-0ecb24017230f718e, Name: another82, Max CPU: 0%
Instance: i-0fa4202f9961c8a46, Name: serhii-anothersubnet, Max CPU: 0%
Instance: i-0b1be0823683b183d, Name: create-lb, Max CPU: 16.0530219613246%
Instance: i-09b69b88df9cdf60d, Name: soccercity, Max CPU: 0%
Instance: i-01c5279e9ecd8a7d2, Name: thenewtubbslakeresort, Max CPU: 0%
